{"cameraMode":{"drawMode":0,"name":"Shaded","section":"Shading Mode"},"sceneLighting":false,"audioPlay":false,"sceneViewState":{"showFog":true,"showMaterialUpdate":false,"showSkybox":true,"showFlares":true,"showImageEffects":true,"showParticleSystems":true},"in2DMode":false,"pivot":{"x":0.40456369519233706,"y":0.6637990474700928,"z":0.004022121429443359},"rotation":{"x":-0.05395454168319702,"y":0.10971282422542572,"z":-0.005964599549770355,"w":-0.9924799203872681},"size":1.4407134056091309,"orthographic":false}